concept,doculect,counterpart,cogid,lpID
I,Gongxing,ŋa₄₂,7,1
I,Jinman,õ₄₂,7,2
I,Mazhelong,ŋo₄₂,7,1
I,Dashi,ŋõ₃₁,7,1
I,Zhoucheng,ŋo₃₁,7,1
I,Jinxing,wõ₃₁,7,2
I,Tuolo,ŋɔ₂₁,7,1
I,Enqi,ɴo₄₃,7,1
I,Ega,ŋo₄₂,7,1
all,Gongxing,ʦʰæ₂₂ja₄₂,1,6
all,Jinman,da₄₂t͡ʂɚ₂₂,202,5
all,Mazhelong,so₂₁ji₂₁,233,7
all,Dashi,ʨwan₄₂pu₅₅,259,3
all,Zhoucheng,ji₃₁su₃₃,244,8
all,Jinxing,ʦa₃₅kɑ₂₁ʦi₃₃,2,5
all,Tuolo,ʨʰa₅₅,33,4
all,Enqi,ʨa₂₄ʁo₂₁ʦi₂₂,3,5
all,Ega,da₅₅ŋwa₂₂,201,4
ashes,Gongxing,xwɛ₂₂ɕy₅₅ʁwa₁₂,58,10
ashes,Jinman,kʰwa₅₅la₂₁ɕu₅₅,88,9
ashes,Mazhelong,xwa₃₁la₄₄su₅₅,59,9
ashes,Zhoucheng,su₅₅,67,11
ashes,Jinxing,su₅₅,67,11
ashes,Tuolo,ʂɤ₅₅,67,11
ashes,Enqi,xwi₂₂ɕu₂₄,57,10
ashes,Ega,xwa₅₅lo₂₁ɕu₅₅,59,9
bark,Gongxing,d͡ʐi₁₂bi₂₁,109,12
bark,Mazhelong,ɕen₅₅pe₂₁,131,14
bark,Dashi,t͡ʂɯ₂₁pe₂₁,109,12
bark,Zhoucheng,ʦɯ₃₁pe₂₁,109,12
bark,Jinxing,ʦɯ₃₁pe₂₁,109,12
bark,Tuolo,djɯ₂₁bi₃₅,109,12
bark,Enqi,djɯ₄₃pi₂₁,109,12
bark,Ega,ʥi₄₂ʨyj₂₁qa₅₅,110,13
belly,Gongxing,ʐi₂₁,147,17
belly,Jinman,ʐɚ₄₂,147,17
belly,Mazhelong,pɯ₄₄,160,15
belly,Dashi,fo₄₄,160,15
belly,Zhoucheng,fɤ₄₄,160,15
belly,Jinxing,fɤ₄₄,160,15
belly,Tuolo,fɚ₄₂,160,15
belly,Enqi,fo₂₄,160,15
belly,Ega,xu₄₄qʰo₂₂,171,16
big,Gongxing,da₄₂,191,18
big,Jinman,do₄₂,191,18
big,Mazhelong,do₄₂,191,18
big,Dashi,tow₄₂,191,18
big,Zhoucheng,to₄₂,191,18
big,Jinxing,tow₄₂,191,18
big,Tuolo,dɔ₂₁,191,18
big,Enqi,da₄₃,191,18
big,Ega,do₄₂,191,18
bird,Gongxing,ʦu₂₄,203,19
bird,Jinman,ʦo₅₅,203,19
bird,Mazhelong,ʦo₄₄,203,19
bird,Dashi,ʦow₃₃,203,19
bird,Zhoucheng,ʦow₄₄,203,19
bird,Jinxing,ʦow₄₄,203,19
bird,Tuolo,ʦu₄₂,203,19
bird,Enqi,ʦu₅₅,203,19
bird,Ega,ʦu₄₄,203,19
bite,Gongxing,ŋa₂₄,214,21
bite,Jinman,ŋa₄₄,214,21
bite,Mazhelong,ŋɑ₄₄,214,21
bite,Dashi,ɣaŋ₄₄,214,20
bite,Zhoucheng,ŋa₄₄,214,21
bite,Jinxing,ɑ̃₄₄,214,21
bite,Tuolo,ŋɔ₄₂,214,21
bite,Enqi,ɴa₅₅,214,21
bite,Ega,ŋo₄₄,214,21
black,Gongxing,χe₂₄,215,22
black,Jinman,xɯ₅₅,215,22
black,Mazhelong,xɯ₄₄,215,22
black,Dashi,xɯ₄₄,215,22
black,Zhoucheng,xɯ₄₄,215,22
black,Jinxing,xɯ₄₄,215,22
black,Tuolo,xɚ₄₂,215,22
black,Enqi,χɯ₅₅,215,22
black,Ega,xɯ₄₄,215,22
blood,Gongxing,swa₂₄,216,23
blood,Jinman,swa₅₅,216,23
blood,Mazhelong,swa₄₄,216,23
blood,Dashi,sʰwa₄₄,216,23
blood,Zhoucheng,swa₄₄,216,23
blood,Jinxing,swɑ₄₄,216,23
blood,Tuolo,swɔ₄₂,216,23
blood,Enqi,swa₅₅,216,23
blood,Ega,swa₄₄,216,23
bone,Gongxing,qwa₂₄,217,24
bone,Jinman,qwa₅₅ʦe₅₅,218,24
bone,Mazhelong,kwa₄₄twɤ₄₄,219,24
bone,Dashi,kwa₄₄tjǝ₃₃,219,24
bone,Zhoucheng,kwa₄₄tɯ₃₃,219,24
bone,Jinxing,kwɑ₄₄tǝ₄₂,219,24
bone,Tuolo,ku₄₂djɯ₃₅ʦɛ₄₂,220,25
bone,Enqi,qwa₅₅,217,24
bone,Ega,qwa₄₄,217,24
breast,Gongxing,ba₂₁,221,26
breast,Jinman,pa₄₂,221,26
breast,Mazhelong,noŋ₃₃,222,27
breast,Dashi,pa₄₂,221,26
breast,Zhoucheng,pa₄₂,221,26
breast,Jinxing,pɑ₄₂,221,26
breast,Tuolo,bo₄₂,221,26
breast,Enqi,pa₂₁,221,26
breast,Ega,pa₄₂,221,26
burn,Gongxing,ɕy₂₂,223,28
burn,Jinman,fɤ₅₅ji₅₅,224,30
burn,Mazhelong,sɤ₅₅,223,28
burn,Dashi,ʂu₅₅,223,28
burn,Zhoucheng,ɲɯ₃₃,227,31
burn,Jinxing,jĩ₃₃,227,31
burn,Tuolo,jen₃₃,227,31
burn,Enqi,xu₂₄,228,28
burn,Ega,fi₂₂pɛ₂₂,225,29
burn,Gongxing,ɕy₅₅,223,28
burn,Mazhelong,fi₃₃kʰǝɯ₅₅,226,32
burn,Zhoucheng,su₅₅,223,28
claw (nail),Gongxing,t͡ʂi₂₄qa₂₄,229,34
claw (nail),Jinman,qa₄₄,230,35
claw (nail),Mazhelong,sǝɯ₃₃kɚ₄₄,231,33
claw (nail),Dashi,ʂɯ₃₃ka₄₄,231,33
claw (nail),Zhoucheng,sɯ₃₃ka₄₄,231,33
claw (nail),Jinxing,sɯ₃₃ka₄₄,231,33
claw (nail),Tuolo,ɕɯ₃₃qa₄₂,231,33
claw (nail),Enqi,tjɯ₂₁qa₂₄,229,34
claw (nail),Ega,ɕi₂₂qa₄₄,231,33
cloud,Gongxing,ŋɛ₁₂qǝ₅₅,232,39
cloud,Jinman,mɯ₂₁ko₄₂,234,37
cloud,Mazhelong,ɥen₂₁pe₂₁,236,41
cloud,Dashi,vɤ̃₂₁nõ₂₁,237,36
cloud,Zhoucheng,ɤ₂₁,235,40
cloud,Jinxing,ɤ̃₂₁,235,40
cloud,Tuolo,ŋɔ₃₅qa₄₂,232,39
cloud,Enqi,ʁæ₂₁,235,38
cloud,Ega,mɯ̃₂₁ko₄₂,234,37
cold,Gongxing,ga₁₂,238,42
cold,Jinman,kɯ₅₅,239,42
cold,Mazhelong,kɯ₅₅,239,42
cold,Dashi,kɯ₃₅,239,42
cold,Zhoucheng,kɯ₃₅,239,42
cold,Jinxing,kɯ₅₅,239,42
cold,Tuolo,kɯ₅₅,239,42
cold,Enqi,kɯ₂₄,239,42
cold,Ega,kɯ₅₅,239,42
cold,Dashi,ka₂₁,239,42
cold,Jinxing,kɑ₂₁,238,42
come,Gongxing,ji₂₁kǝ₂₂,241,44
come,Jinman,ʨwa₅₅,242,45
come,Mazhelong,ɣǝɯ₂₁,243,47
come,Dashi,ɣǝ₃₅,243,43
come,Zhoucheng,jɯ₃₅,240,44
come,Jinxing,ɣǝ₃₅,243,46
come,Tuolo,t͡ʂʰo₄₂,245,45
come,Enqi,ji₅₅ki₂₄,241,44
come,Ega,ji₅₅kɯ₂₂,241,44
come,Tuolo,jɯ₃₃kɯ₅₅,241,44
die,Gongxing,ɕi₂₂,246,48
die,Jinman,ɕi₂₂,246,48
die,Mazhelong,ɕi₃₃,246,48
die,Dashi,ɕi₃₃,246,48
die,Zhoucheng,ɕi₃₃,246,48
die,Jinxing,ɕi₃₃,246,48
die,Tuolo,ɕi₃₃,246,48
die,Enqi,si₂₂,246,48
die,Ega,si₂₂,246,48
dog,Gongxing,qʰwaŋ₂₂,247,49
dog,Jinman,qʰõ₂₂,247,49
dog,Mazhelong,kʰwaŋ₃₃,247,49
dog,Dashi,kʰwaŋ₃₃,247,49
dog,Zhoucheng,kʰwa₃₃,247,49
dog,Jinxing,kʰwɑ̃₃₃,247,49
dog,Tuolo,qʰwaŋ₃₃,247,49
dog,Enqi,qʰwa₂₂,247,49
dog,Ega,qʰwa₂₂,247,49
drink,Gongxing,ʔoŋ₂₂,248,51
drink,Jinman,ɯ̃₂₂,248,50
drink,Mazhelong,oŋ₃₃,248,51
drink,Dashi,ǝ̃₃₃,248,50
drink,Zhoucheng,ɯ₃₃,248,50
drink,Jinxing,ǝ̃₃₃,248,50
drink,Tuolo,ɯ̃₃₃,248,50
drink,Enqi,ɯ₂₂,248,50
drink,Ega,ɯ̃₂₂,248,50
dry,Gongxing,qaŋ₅₅,249,52
dry,Jinman,qã₅₅,249,52
dry,Mazhelong,kaŋ₅₅,249,52
dry,Dashi,kã₃₅,249,52
dry,Zhoucheng,ka₃₅,249,52
dry,Jinxing,kɑ̃₅₅,249,52
dry,Tuolo,qɔŋ₅₅,249,52
dry,Enqi,qa₂₄,249,52
dry,Ega,qo₅₅,249,52
ear,Gongxing,jaŋ₂₂kʰwaŋ₂₂,250,53
ear,Jinman,ẽ₄₂ʨwẽ₂₂,252,54
ear,Mazhelong,jɛ₃₃kɛ₃₃pjen₂₁,251,55
ear,Dashi,jen₃₃toŋ₃₁,253,53
ear,Zhoucheng,ɲow₃₃to₄₂,254,53
ear,Jinxing,jen₃₃tɯ₃₁kwɑ₅₅,255,53
ear,Tuolo,wen₃₃zɥen₃₅,256,56
ear,Enqi,ŋu₂₂ʦu₂₁qʰwa₂₄,258,53
ear,Ega,ji₂₂ʨyj₂₁,257,53
earth,Gongxing,ʥi₄₂,260,57
earth,Jinman,ʥi₄₂,260,57
earth,Mazhelong,ti₂₁,260,57
earth,Dashi,ʨi₃₁,260,57
earth,Zhoucheng,ʨi₃₁,260,57
earth,Jinxing,ʨi₃₁,260,57
earth,Tuolo,ʑi₂₁,260,57
earth,Enqi,ʥi₄₃,260,57
earth,Ega,ʨi₄₂pa₂₂,261,57
eat,Gongxing,ju₂₄,262,58
eat,Jinman,ji₅₅,262,58
eat,Mazhelong,ji₄₄,262,58
eat,Dashi,jɯ₄₄,262,58
eat,Zhoucheng,jɯ₄₄,262,58
eat,Jinxing,jɯ₄₄,262,58
eat,Tuolo,ju₄₂,262,58
eat,Enqi,jɯ₅₅,262,58
eat,Ega,ji₄₄,262,58
egg,Gongxing,sen₄₂,263,59
egg,Jinman,sẽ₄₂,263,59
egg,Mazhelong,sɛ₄₂,263,59
egg,Dashi,sen₄₂,263,59
egg,Zhoucheng,se₄₂,263,59
egg,Jinxing,sen₄₂,263,59
egg,Tuolo,sen₂₁,263,59
egg,Enqi,sɛ₄₃,263,59
egg,Ega,sɛ₄₂,263,59
eye,Gongxing,wen₂₂,264,60
eye,Jinman,mi₂₂,264,61
eye,Mazhelong,ŋwɛ₃₃,264,60
eye,Dashi,wẽ₃₃,264,60
eye,Zhoucheng,we₃₃,264,60
eye,Jinxing,wẽ₃₃,264,60
eye,Tuolo,wen₃₃,264,60
eye,Enqi,ŋwi₂₂,264,60
eye,Ega,ŋwi₂₂,264,60
far,Gongxing,tɥen₂₂,200,62
far,Jinman,tyj₂₂,200,63
far,Mazhelong,ʦwen₃₃,200,62
far,Dashi,twen₃₃,200,62
far,Zhoucheng,twe₃₃,200,62
far,Jinxing,twen₃₃,200,62
far,Tuolo,twe₃₃,200,62
far,Enqi,tɥɛ₂₂,200,62
far,Ega,ti₂₂,200,62
fat,Gongxing,t͡ʂi₅₅,265,64
fat,Jinman,t͡ʂi₅₅,265,64
fat,Mazhelong,ʦi₅₅,265,64
fat,Dashi,t͡ʂi₅₅,265,64
fat,Zhoucheng,ʦi₃₅,266,64
fat,Jinxing,ʦi₅₅,265,64
fat,Tuolo,t͡ʂi₅₅,265,64
fat,Enqi,ʦi₂₄,265,64
fat,Ega,ʦɛ₅₅,265,64
feather,Gongxing,mi₁₂,267,65
feather,Jinman,mje₂₁,267,65
feather,Mazhelong,me₂₁,267,65
feather,Dashi,ma₂₁,267,65
feather,Zhoucheng,ma₂₁,267,65
feather,Jinxing,mɑ̃₂₁,267,65
feather,Tuolo,me₃₅,267,65
feather,Enqi,mjɛ₂₁,267,65
feather,Ega,mi₂₁,267,65
fire,Gongxing,xwɛ₂₂,268,66
fire,Jinman,fi₂₂,268,66
fire,Mazhelong,fi₃₃,268,66
fire,Dashi,xwi₃₃,268,66
fire,Zhoucheng,xwi₃₃,268,66
fire,Jinxing,xwi₃₃,268,66
fire,Tuolo,xwe₃₃,268,66
fire,Enqi,xwi₂₂,268,66
fire,Ega,fi₂₂,268,66
fish,Gongxing,ŋo₅₅,269,68
fish,Jinman,ŋu₅₅,269,68
fish,Mazhelong,oŋ₅₅,269,70
fish,Dashi,wɤ̃₃₅,269,67
fish,Zhoucheng,ŋo₃₅,269,68
fish,Jinxing,ṃ₅₅,269,69
fish,Tuolo,ŋɤ₅₅,269,68
fish,Enqi,ŋo₂₄,269,68
fish,Ega,ŋu₅₅,269,68
fly,Gongxing,p͡fu₅₅,270,73
fly,Jinman,fi₅₅,270,74
fly,Mazhelong,pi₅₅,270,71
fly,Dashi,fɤ₃₅,270,71
fly,Zhoucheng,fɤ₃₅,270,71
fly,Jinxing,fɤ₅₅,270,71
fly,Tuolo,fɚ₅₅,270,71
fly,Enqi,fɛ₂₄,270,71
fly,Ega,xwɛ₅₅,270,72
foot,Gongxing,ku₂₄,271,75
foot,Jinman,ko₅₅,271,75
foot,Mazhelong,ko₄₄,271,75
foot,Dashi,kow₄₄,271,75
foot,Zhoucheng,ko₄₄,271,75
foot,Jinxing,kow₄₄,271,75
foot,Tuolo,ko₄₂,271,75
foot,Enqi,ku₅₅,271,75
foot,Ega,ku₄₄,271,75
full,Gongxing,mi₂₂,272,76
full,Jinman,me₂₂,272,76
full,Mazhelong,mɛ₃₃,272,76
full,Dashi,ma₃₃,272,76
full,Zhoucheng,ma₃₃,272,76
full,Jinxing,mɑ̃₃₃,272,76
full,Tuolo,me₃₃,272,76
full,Enqi,mjɛ₂₂,272,76
full,Ega,mi₂₂,272,76
give,Gongxing,zi₄₂,273,77
give,Jinman,zi₄₂,273,77
give,Mazhelong,zǝɯ₂₁,273,77
give,Dashi,zi₂₁,273,77
give,Zhoucheng,zɯ₄₂,273,77
give,Jinxing,si₃₁,273,77
give,Tuolo,zi₂₁,273,77
give,Enqi,ʦi₄₃,273,78
give,Ega,zi₄₂,273,77
good,Gongxing,ʣan₁₂,274,81
good,Jinman,xo₂₂,275,79
good,Mazhelong,xǝ₃₃,275,79
good,Dashi,xu₃₃,275,79
good,Zhoucheng,xu₃₃,275,79
good,Jinxing,xu₃₃,275,79
good,Tuolo,djaŋ₃₅,274,80
good,Enqi,djæ₂₁,274,80
good,Ega,xo₅₅,275,79
good,Dashi,ʨʰõ₄₄,274,81
good,Zhoucheng,ʨʰow₅₅,274,81
good,Jinxing,ʨʰõ₄₄,274,81
green,Gongxing,ʦʰan₂₄,276,83
green,Jinman,ʨʰã₅₅,276,83
green,Mazhelong,lɤ₄₄,277,84
green,Dashi,lo₄₄,277,82
green,Zhoucheng,lɤ₄₄,277,84
green,Jinxing,lu₄₄,277,84
green,Tuolo,ʨʰaŋ₂₁,276,83
green,Enqi,ʨʰæ₂₄,276,83
green,Ega,ʨʰa₄₂,276,83
hair,Gongxing,di₂₄mjɛ₁₂,278,86
hair,Jinman,ʈe₂₁me₅₅,278,86
hair,Mazhelong,tɛ₂₁mɛ₅₅,278,86
hair,Dashi,ɕa₄₄,279,85
hair,Zhoucheng,tɯ₂₁ma₃₅,278,86
hair,Jinxing,ɕɔ₄₄,279,85
hair,Tuolo,djɯ₃₅me₅₅,278,86
hair,Enqi,tjɯ₂₁mjɛ₂₄,278,86
hair,Ega,ti₂₁mi₅₅,278,86
hair,Jinxing,tǝ₂₁mã₅₅,278,86
hand,Gongxing,ʂi₂₂,280,87
hand,Jinman,ɕi₂₂,280,87
hand,Mazhelong,sǝɯ₃₃,280,87
hand,Dashi,ʂʰɯ₃₃,280,87
hand,Zhoucheng,sɯ₃₃,280,87
hand,Jinxing,sɯ₃₃,280,87
hand,Tuolo,ɕɯ₃₃,280,87
hand,Enqi,ɕɯ₂₂,280,87
hand,Ega,ɕi₂₂,280,87
head,Gongxing,di₁₂,281,88
head,Jinman,ʈo₂₂,281,89
head,Mazhelong,ta₄₂po₂₁,282,88
head,Dashi,ti₄₂,281,88
head,Zhoucheng,tɯ₃₁po₂₁,282,88
head,Jinxing,tǝ₃₁,281,88
head,Tuolo,djɯ₃₅,281,88
head,Enqi,tiw₂₁,281,88
head,Ega,ʨu₂₂qa₅₅,283,89
hear,Gongxing,ʨʰjan₅₅,284,90
hear,Jinman,ʨʰjã₅₅,284,90
hear,Mazhelong,ʨʰɚ̃₅₅,284,90
hear,Dashi,ʨʰjɚ̃₅₅,284,90
hear,Zhoucheng,ʨʰjɛ₅₅,284,90
hear,Jinxing,ʨʰjan₅₅tǝ₃₃,285,90
hear,Tuolo,ʨʰjaŋ₅₅,284,90
hear,Enqi,ʨʰjæ₂₄,284,90
hear,Ega,ʨʰja₅₅,284,90
heart,Gongxing,ɕin₅₅,4,91
heart,Jinman,sẽ₅₅,4,91
heart,Mazhelong,ɕen₅₅,4,91
heart,Dashi,ɕen₅₅,4,91
heart,Zhoucheng,ɕi₃₅,4,91
heart,Jinxing,ɕen₅₅,4,91
heart,Tuolo,ɕen₅₅,4,91
heart,Enqi,si₂₄,4,91
heart,Ega,sɛ₅₅,4,91
heavy,Gongxing,ʣoŋ₂₂,204,92
heavy,Jinman,ʥõ₂₂,204,92
heavy,Mazhelong,ʦõ₂₁,204,92
heavy,Dashi,t͡ʂõ₃₃,204,92
heavy,Zhoucheng,ʦɤ₃₃,204,92
heavy,Jinxing,ʦɤ̃₃₃,204,92
heavy,Tuolo,ʐɤŋ₃₃,204,92
heavy,Enqi,d͡ʐo₂₂,204,92
heavy,Ega,ʥo₂₂,204,92
horn,Gongxing,qwa₂₄,5,93
horn,Jinman,qo₅₅,5,93
horn,Mazhelong,koŋ₄₄,5,93
horn,Dashi,ko₄₄,5,93
horn,Zhoucheng,kɤ₄₄,5,93
horn,Jinxing,kɤ₄₄,5,93
horn,Tuolo,qo₄₂qa₂₁,6,93
horn,Enqi,qo₅₅,5,93
horn,Ega,qo₄₄,5,93
kill,Gongxing,χa₂₄,8,94
kill,Jinman,ɕa₅₅,8,94
kill,Mazhelong,ɕa₄₄,8,94
kill,Dashi,ɕʰa₄₄,8,94
kill,Zhoucheng,ɕa₄₄,8,94
kill,Jinxing,ɕɑ₄₄,8,94
kill,Tuolo,ɕɔ₄₂,8,94
kill,Enqi,xa₅₅,8,94
kill,Ega,ɕo₄₄,8,94
knee,Gongxing,qa₅₅ʦi₂₂qa₅₅qa₄₂,11,96
knee,Jinman,ko₄₄ʦe₄₄,9,95
knee,Mazhelong,ko₄₄ʦɛ₄₄tǝɯ₂₁,12,95
knee,Dashi,kʰwa₃₁tjow₃₁ʦe₄₄,14,95
knee,Zhoucheng,kʰwa₃₃te₅₅tɯ₂₁,12,95
knee,Jinxing,kʰwɑ₃₁ʦɿ₃₃te₄₄kɔ₃₃,13,95
knee,Tuolo,qʰoŋ₅₅mo₄₂qɔ₄₂,15,96
knee,Enqi,qʰa₄₃ʦo₂₁qa₅₅,10,96
knee,Ega,qʰo₄₂ʦu₂₁qo₅₅,10,96
know,Gongxing,t͡ʂi₄₂ʦʰwa₅₅,16,98
know,Jinman,sɿ₄₄,17,97
know,Mazhelong,sɯ₄₄,17,97
know,Dashi,se₃₃,17,97
know,Zhoucheng,zɯ₄₄tɯ₄₄,18,97
know,Jinxing,sen₃₃,17,97
know,Tuolo,t͡ʂɤ₅₅t͡ʂʰɤ₂₁,16,99
know,Enqi,swɛ₂₂,17,97
know,Ega,si₄₄,17,97
leaf,Gongxing,sɛ₂₄,19,100
leaf,Jinman,ʂɚ₅₅,19,100
leaf,Mazhelong,sɛ₄₄,19,100
leaf,Dashi,ʂʰe₄₄,19,100
leaf,Zhoucheng,se₄₄,19,100
leaf,Jinxing,se₄₄,19,100
leaf,Tuolo,djɯ₂₁mɯ₄₂ɕi₄₂,20,101
leaf,Enqi,ɕɛ₅₅,19,100
leaf,Ega,sɛ₄₄,19,100
lie,Gongxing,nen₁₂,21,105
lie,Jinman,lo₂₁,22,103
lie,Mazhelong,mi₅₅,23,106
lie,Dashi,t͡ʂʰɚ̃₃₃,24,102
lie,Zhoucheng,ʦʰɛ₃₃,24,102
lie,Jinxing,ʦʰan₃₃,24,102
lie,Tuolo,ʐa₄₂,25,107
lie,Enqi,to₂₄ʨi₂₂,26,104
lie,Ega,lo₂₁,22,103
liver,Gongxing,qaŋ₅₅,27,108
liver,Jinman,qã₅₅,27,108
liver,Mazhelong,kaŋ₅₅,27,108
liver,Dashi,kã₃₅,27,108
liver,Zhoucheng,ka₃₅,27,108
liver,Jinxing,kɑ₅₅,27,108
liver,Tuolo,qɔŋ₅₅,27,108
liver,Enqi,qa₂₄,27,108
liver,Ega,qo₅₅,27,108
long,Gongxing,ʥow₁₂,28,110
long,Jinman,ʈõ₂₁,28,109
long,Mazhelong,ʦoŋ₂₁,28,109
long,Dashi,t͡ʂõ₂₁,28,109
long,Zhoucheng,ʦow₂₁,28,109
long,Jinxing,ʦõ₂₁,28,109
long,Tuolo,dɤ₃₅,28,109
long,Enqi,tjo₂₁,28,109
long,Ega,ʨu₂₁,28,109
louse,Gongxing,ɕi₂₄,29,111
louse,Jinman,ɕi₅₅,29,111
louse,Mazhelong,ɕi₄₄,29,111
louse,Dashi,ɕi₃₃,29,111
louse,Zhoucheng,ɕe₄₄,29,111
louse,Jinxing,ɕi₄₄,29,111
louse,Tuolo,ɕi₄₂,29,111
louse,Enqi,ɕi₅₅,29,111
louse,Ega,ɕi₄₄,29,111
man,Gongxing,ʦi₂₂,30,112
man,Jinman,da₅₃xõ₅₅ʦi₂₂,32,113
man,Mazhelong,ʦi₃₃,30,112
man,Dashi,ʦi₃₃,30,112
man,Zhoucheng,ʦi₄₄,30,112
man,Jinxing,ʦi₃₃,30,112
man,Tuolo,ɕa₅₅tʰjo₂₁po₅₅,34,114
man,Enqi,da₄₃xo₂₄,31,113
man,Ega,do₄₂xõ₅₅ʦi₂₂,32,113
many,Gongxing,ti₅₅,35,115
many,Jinman,ti₅₅,35,115
many,Mazhelong,ti₅₅,35,115
many,Dashi,ʨi₃₅,35,115
many,Zhoucheng,ʨi₃₅,35,115
many,Jinxing,ʨi₅₅,35,115
many,Tuolo,ʨɯ₅₅,35,115
many,Enqi,ti₂₄,35,115
many,Ega,ti₅₅,35,115
meat,Gongxing,ɢæ₁₂,36,116
meat,Jinman,qa₂₁,36,116
meat,Mazhelong,kɚ₂₁,36,116
meat,Dashi,kɚ₂₁,36,116
meat,Zhoucheng,kɛ₂₁,36,116
meat,Jinxing,ka₂₁,36,116
meat,Tuolo,ʁa₃₅,36,117
meat,Enqi,qæ₂₁,36,116
meat,Ega,qa₂₁,36,116
moon,Gongxing,ɲi₂₄waŋ₅₅,37,118
moon,Jinman,ɲo₅₅ŋõ₅₅,37,118
moon,Mazhelong,mjen₅₅ŋwa₄₄,37,118
moon,Dashi,mi₅₅wã₄₄,37,118
moon,Zhoucheng,mi₃₅wa₄₄,37,118
moon,Jinxing,mi₅₅wɑ̃₅₅,37,118
moon,Tuolo,jen₅₅wo₄₂,37,118
moon,Enqi,mjɛ₂₄wa₅₅,37,118
moon,Ega,ɲa₅₅ŋwa₄₄,37,118
mountain,Gongxing,swa₄₂,38,119
mountain,Jinman,ʂɚ̃₅₅,38,119
mountain,Mazhelong,sen₅₅,38,119
mountain,Dashi,ʂo₄₂,38,119
mountain,Zhoucheng,sɤ₅₃,38,119
mountain,Jinxing,sɤ̃₄₂,38,119
mountain,Tuolo,ɕen₅₅,38,119
mountain,Enqi,ɕo₄₃,38,119
mountain,Ega,sɛ₅₅,38,119
mouth,Gongxing,ʦu₂₂qwɛ₅₅,40,121
mouth,Jinman,ʨu₂₂kwe₅₅,40,121
mouth,Mazhelong,ʦwi₃₃,42,120
mouth,Dashi,ʦwi₃₃,39,120
mouth,Zhoucheng,ʨy₃₃kɤ₃₃,40,121
mouth,Jinxing,ʨyj₃₃kwe₅₅,40,121
mouth,Tuolo,ʨu₃₃qwa₅₅,40,121
mouth,Enqi,ʨu₂₂qwa₂₄,40,121
mouth,Ega,ʨu₂₂kwa₅₅qo₄₂,41,121
name,Gongxing,ɲwɛ₅₅,43,123
name,Jinman,ɲo₅₅,43,123
name,Mazhelong,mjɚ₅₅,43,122
name,Dashi,mjɚ₃₅,43,122
name,Zhoucheng,mjɛ₃₅,43,122
name,Jinxing,mjan₅₅,43,122
name,Tuolo,ɲwa₅₅,43,123
name,Enqi,mjæ₂₄,43,122
name,Ega,ɲɥa₅₅,43,122
near,Gongxing,ʥen₂₂,205,124
near,Jinman,ʦʰo₅₅,205,125
near,Mazhelong,ʨen₃₃,205,124
near,Dashi,ʨen₃₃,205,124
near,Zhoucheng,ʨe₃₃,205,124
near,Jinxing,ʨen₃₃,205,124
near,Tuolo,jen₃₃,206,124
near,Enqi,ʨi₂₂,205,124
near,Ega,ʦʰo₅₅,205,125
neck,Gongxing,qoŋ₅₅noŋ₄₂,44,128
neck,Jinman,qo₄₂te₃₃me₄₂,46,127
neck,Mazhelong,kɤ₄₂tɛ₅₅,45,127
neck,Dashi,mjɚ₄₂tʰõ₅₅,49,126
neck,Zhoucheng,po₃₅ʦɿ₃₃ku₃₅,50,131
neck,Jinxing,kɤ₄₂mi₄₂ʦɿ₃₃,48,129
neck,Tuolo,qoŋ₂₁mo₂₁,47,130
neck,Enqi,qo₄₃tæ₅₅,45,127
neck,Ega,qo₄₂tɛ₄₄me₄₂,46,127
neck,Dashi,ɚ₄₄mjɚ₄₂,51,126
new,Gongxing,ɕen₅₅,52,132
new,Jinman,sẽ₅₅,52,132
new,Mazhelong,ɕen₅₅,52,132
new,Dashi,ɕʰen₅₅,52,132
new,Zhoucheng,ɕi₃₅,52,132
new,Jinxing,ɕen₅₅,52,132
new,Tuolo,ɕen₅₅,52,132
new,Enqi,si₂₄,52,132
new,Ega,sɛ₅₅,52,132
night,Gongxing,ja₅₅xɯ₄₂,53,135
night,Jinman,ɕa₅₅xɯ̃₄₂,54,135
night,Mazhelong,ɕɚ₅₅pʰo₅₅,55,136
night,Dashi,pe₃₃kɚ₄₂,56,133
night,Zhoucheng,pe₃₃kɛ₄₂,56,133
night,Jinxing,pẽ₅₅ka₄₂,56,133
night,Tuolo,pɛ₃₃ʨa₂₁,56,133
night,Enqi,ɕa₂₄xɯ₂₂,54,135
night,Ega,ɲi₄₄u₂₂,60,134
night,Tuolo,xa₄₂xɯ₂₁,54,135
nose,Gongxing,ty₂₁tjy₂₄,62,138
nose,Jinman,qʰwe₄₂tjɯ₂₁,63,137
nose,Mazhelong,pʰjen₄₂,61,139
nose,Dashi,wɤ₄₂tiǝ₂₁,65,137
nose,Zhoucheng,pi₃₁fɤ₄₄ʦɿ₄₄,66,141
nose,Jinxing,pjen₂₁,61,139
nose,Tuolo,vɚ₄₂djɯ₃₅,65,140
nose,Enqi,ʦo₂₁qʰo₂₂tjɯ₂₁,68,137
nose,Ega,kʰwɛ₄₂ʨyj₂₁,64,137
not,Gongxing,ɛ₅₅,69,144
not,Jinman,a₄₂,70,143
not,Mazhelong,a₃₁mow₃₃,71,145
not,Dashi,ma₃₃xa₅₅,74,142
not,Zhoucheng,mo₃₃,73,147
not,Jinxing,ɣa₃₅,72,143
not,Tuolo,e₃₅,69,146
not,Enqi,a₄₃,70,143
not,Ega,a₄₂,70,143
not,Mazhelong,pu₂₁,75,149
not,Dashi,a₄₂ɣẽ₅₅,71,148
not,Tuolo,a₂₁,70,143
one,Gongxing,a₅₅,76,151
one,Jinman,a₄₂,76,151
one,Mazhelong,a₂₁,76,151
one,Dashi,ji₄₄,77,150
one,Zhoucheng,a₃₁,76,151
one,Jinxing,a₄₂,76,151
one,Tuolo,a₂₁,76,151
one,Enqi,ji₅₅,77,150
one,Ega,a₄₂,76,151
one,Gongxing,ji₂₄,77,150
one,Mazhelong,ji₄₂,77,150
one,Zhoucheng,ji₄₄,77,150
one,Jinxing,ji₄₄,77,150
one,Tuolo,ji₄₂,77,150
one,Enqi,a₄₃,76,151
one,Ega,ji₅₅,77,150
person,Gongxing,ɲi₁₂,78,153
person,Jinman,ɲi₂₁,78,153
person,Mazhelong,ɲen₂₁,78,153
person,Dashi,jen₂₁,78,152
person,Zhoucheng,ɲi₂₁,78,153
person,Jinxing,jen₂₁,78,152
person,Tuolo,jen₃₅,78,152
person,Enqi,ɲi₂₁qa₂₄,79,153
person,Ega,ɲi₂₁,78,153
rain,Gongxing,ʐi₂₂,80,155
rain,Jinman,ʐɚ₂₂wo₄₂,81,155
rain,Mazhelong,ju₅₅,82,156
rain,Dashi,wɤ₃₃,82,154
rain,Zhoucheng,ow₄₂ɤ₃₃ɕi₄₄,83,157
rain,Jinxing,ɤ₃₃,82,154
rain,Tuolo,ʐi₃₃,80,155
rain,Enqi,zi₂₂,80,155
rain,Ega,zɛ₂₂u₄₂,81,155
rain,Enqi,u₂₁,82,158
red,Gongxing,tʰæ₂₄,84,159
red,Jinman,ʈʰa₅₅,84,159
red,Mazhelong,xoŋ₃₃,85,160
red,Dashi,t͡ʂʰɚ₄₄,84,159
red,Zhoucheng,ʦʰɛ₄₄,84,159
red,Jinxing,ʦʰa₄₄,84,159
red,Tuolo,tʰa₄₂,84,159
red,Enqi,tʰjæ₅₅,84,159
red,Ega,ʨʰa₄₄,84,159
road,Gongxing,tʰy₂₂,86,161
road,Jinman,ʈʰu₂₂,86,161
road,Mazhelong,tʰǝɯ₃₃,86,161
road,Dashi,tʰu₃₃,86,161
road,Zhoucheng,tʰo₃₃,86,161
road,Jinxing,tʰu₃₃,86,161
road,Tuolo,tʰɤ₃₃,86,161
road,Enqi,tʰiw₂₂,86,161
road,Ega,ʨiw₂₂,86,161
root,Gongxing,tɛ₂₄,87,162
root,Jinman,me₄₂,89,163
root,Mazhelong,ʦo₃₃,87,164
root,Dashi,te₄₄,87,162
root,Zhoucheng,mi₄₄,89,163
root,Jinxing,te₄₄,87,162
root,Tuolo,mɛ₂₁,89,163
root,Enqi,tɛ₅₅,87,162
root,Ega,mɛ₄₂,89,163
root,Jinman,te₄₂,87,162
root,Dashi,mi₄₄,89,163
root,Enqi,mɛ₄₃,89,163
root,Ega,tɛ₄₂,87,162
round,Gongxing,wen₁₂,90,165
round,Jinman,ŋwe₂₁,90,165
round,Mazhelong,ɣen₂₁,90,167
round,Dashi,wẽ₃₁,90,165
round,Zhoucheng,we₂₁,90,165
round,Jinxing,wẽ₂₁,90,165
round,Tuolo,wen₃₅,90,165
round,Enqi,ʁwɛ₂₁,90,165
round,Ega,kʰwɛ₄₄,91,166
salt,Gongxing,ʨwen₅₅,207,169
salt,Jinman,ʦwẽ₅₅,207,169
salt,Mazhelong,ʦʰoŋ₂₁,207,169
salt,Dashi,pjẽ₃₅,207,168
salt,Zhoucheng,pi₃₅,207,168
salt,Jinxing,pjen₅₅,207,168
salt,Tuolo,ʨwen₅₅,207,169
salt,Enqi,ʦwɛ₂₄,207,169
salt,Ega,ʦwɛ₅₅,207,169
sand,Gongxing,swa₅₅,92,170
sand,Jinman,ɕo₅₅,92,170
sand,Mazhelong,sa₅₅,92,170
sand,Dashi,ʂʰow₅₅,92,170
sand,Zhoucheng,so₅₅,92,170
sand,Jinxing,sow₅₅,92,170
sand,Tuolo,ɕwɨ₅₅,92,170
sand,Enqi,ɕo₂₄,92,170
sand,Ega,ɕo₅₅mi₂₂,93,170
say,Gongxing,ʣu₂₁,94,171
say,Mazhelong,swa₄₄,95,172
say,Dashi,ʨaŋ₂₁,96,171
say,Zhoucheng,swa₄₄,96,172
say,Jinxing,swɑ₄₄,95,172
say,Tuolo,zu₄₂,94,171
say,Enqi,ʦu₂₁,94,171
say,Ega,ʦo₄₂,94,171
say,Tuolo,swa₄₂,96,172
see,Gongxing,en₂₂qen₄₂,97,173
see,Jinman,e₂₂tɯ₄₄,99,174
see,Mazhelong,xã₅₅kɛ₄₂,102,175
see,Dashi,aŋ₃₃ke₃₁,97,173
see,Zhoucheng,a₃₃tɯ₄₄,99,174
see,Jinxing,xɑ̃₅₅,101,175
see,Tuolo,en₃₃qɛ₂₁,98,173
see,Enqi,ɛ₂₂tɯ₅₅la₂₂,100,174
see,Ega,e₂₂tɯ₄₄,99,174
seed,Gongxing,ʦoŋ₂₂,103,176
seed,Jinman,ʨõ₂₂,103,176
seed,Mazhelong,ʦoŋ₃₃,103,176
seed,Dashi,t͡ʂoŋ₃₃,103,176
seed,Zhoucheng,ʦɤ₃₃,103,176
seed,Jinxing,ʦɤ̃₃₃,103,176
seed,Tuolo,t͡ʂɤŋ₃₃,103,176
seed,Enqi,ʨo₂₂,103,176
seed,Ega,ʨu₂₂,103,176
short,Gongxing,ʦʰwa₂₄,208,177
short,Jinman,ʨʰi₅₅,208,177
short,Mazhelong,ʦʰǝɯ₅₅,208,177
short,Dashi,ʦʰɯ₅₅,208,177
short,Zhoucheng,ʦʰɯ₅₅,208,177
short,Jinxing,ʦʰɯ₅₅,208,177
short,Tuolo,ʦʰɤ₄₂,208,177
short,Enqi,ʦʰo₅₅,208,177
short,Ega,ʨʰi₅₅,208,177
sit,Gongxing,kwa₄₂,104,178
sit,Jinman,kɤ₄₂,104,178
sit,Mazhelong,kɤ₄₂,104,178
sit,Dashi,ko₄₂,104,178
sit,Zhoucheng,kɤ₄₂,104,178
sit,Jinxing,kɤ₄₂,104,178
sit,Tuolo,kɤ₂₁,104,178
sit,Enqi,ku₄₃,104,178
sit,Ega,kɤ₄₂,104,178
skin,Gongxing,bi₁₂,105,179
skin,Jinman,ʨyj₂₁,105,180
skin,Mazhelong,pe₂₁,105,179
skin,Dashi,pe₂₁,105,179
skin,Zhoucheng,pe₂₁,105,179
skin,Jinxing,pe₂₁,105,179
skin,Tuolo,bi₃₅,105,179
skin,Enqi,pi₂₁,105,179
skin,Ega,ʨyj₂₁qa₅₅,106,180
sleep,Gongxing,nɛ₁₂,107,183
sleep,Jinman,wɤ̃₄₂ti₄₂,108,184
sleep,Mazhelong,mi₅₅,111,185
sleep,Dashi,t͡ʂʰɚ̃₃₃,112,181
sleep,Zhoucheng,ʦʰɛ₃₃,112,181
sleep,Jinxing,ʦʰan₃₃,112,181
sleep,Tuolo,ʐa₄₂ma₄₂,113,186
sleep,Enqi,ʦʰi₂₂,112,181
sleep,Ega,ŋu₄₂ti₄₂,108,182
small,Gongxing,sɛ₄₂,114,187
small,Jinman,sẽ₄₂,114,187
small,Mazhelong,sɛ₂₁,114,187
small,Dashi,sʰe₂₁,114,187
small,Zhoucheng,se₃₁,114,187
small,Jinxing,se₃₁,114,187
small,Tuolo,se₂₁,114,187
small,Enqi,sɛ₄₃,114,187
small,Ega,sɛ₄₂,114,187
smoke,Gongxing,xwi₂₂ɕi₅₅,115,188
smoke,Jinman,fi₂₂se₅₅,115,188
smoke,Mazhelong,fi₃₃ɕen₅₅,115,188
smoke,Dashi,xwi₃₃ɕen₃₅,115,188
smoke,Zhoucheng,xwi₃₃ɕe₅₅,115,188
smoke,Jinxing,xwi₃₃ɕen₅₅,115,188
smoke,Tuolo,xwe₃₃ɕen₅₅,115,188
smoke,Enqi,xwi₂₂si₂₄,115,188
smoke,Ega,fi₂₂sɛ₅₅,115,188
snake,Gongxing,t͡ʂʰi₂₂,209,190
snake,Jinman,ʨʰɚ̃₂₂,209,190
snake,Mazhelong,ʨʰiw₃₃,209,191
snake,Dashi,kʰo₃₃,209,189
snake,Zhoucheng,kʰɤ₃₃,209,189
snake,Jinxing,kʰɤ₃₃,209,189
snake,Tuolo,t͡ʂʰɚ̃₃₃,209,190
snake,Enqi,ʦʰɿ₂₂,209,190
snake,Ega,ʦʰɛ₂₂,209,190
stand,Gongxing,ji₂₁,116,192
stand,Jinman,djõ₂₂,118,193
stand,Mazhelong,zi₄₂,119,194
stand,Dashi,t͡ʂɯ₂₁,118,192
stand,Zhoucheng,ʦɯ₃₁,118,192
stand,Jinxing,ʦɯ₃₁,118,192
stand,Tuolo,ji₄₂kʰɯ₃₃,117,192
stand,Enqi,djɯ₄₃,118,192
stand,Ega,ji₄₂,116,192
stand,Ega,ʥõ₂₂,118,193
star,Gongxing,san₅₅,120,195
star,Jinman,ɕã₅₅,120,195
star,Mazhelong,ɕɚ̃₅₅,120,195
star,Dashi,ɕɚ̃₅₅,120,195
star,Zhoucheng,ɕɛ₅₅,120,195
star,Jinxing,ɕan₅₅,120,195
star,Tuolo,ɕaŋ₅₅,120,195
star,Enqi,ɕæ₂₄,120,195
star,Ega,ɕa₅₅,120,195
stone,Gongxing,ʣu₂₁qʰwɛ₅₅,122,197
stone,Jinman,ʈo₂₁,121,196
stone,Mazhelong,ʦʰɤ₄₂,121,196
stone,Dashi,t͡ʂow₄₂,121,196
stone,Zhoucheng,ʦow₄₂,121,196
stone,Jinxing,ʦow₄₂,121,196
stone,Tuolo,diw₄₂,121,198
stone,Enqi,tiw₂₁,121,196
stone,Ega,ʨiw₄₂,121,196
stone,Jinman,da₄₂ŋã₂₁,123,199
sun,Gongxing,ɲi₂₄,124,201
sun,Jinman,ɲi₅₅,124,201
sun,Mazhelong,ɲɛ₄₄,124,201
sun,Dashi,jen₄₄,124,200
sun,Zhoucheng,mi₄₄,124,202
sun,Jinxing,jjen₄₄,124,200
sun,Tuolo,jjen₄₂,124,200
sun,Enqi,ɲi₅₅,124,201
sun,Ega,ɲi₄₄,124,201
swim,Gongxing,ɕi₂₂qoŋ₅₅,125,204
swim,Jinman,ɕyj₂₂lu₂₁,128,204
swim,Mazhelong,ʦʰɛ₃₁ɕu₃₃si₅₅,130,206
swim,Dashi,se₃₃pe₂₁,126,203
swim,Zhoucheng,se₃₃ʦʰi₅₅kʰow₅₅,127,204
swim,Jinxing,se₃₃pe₂₁,126,203
swim,Tuolo,fɤ₃₅ɕyj₃₃,132,205
swim,Enqi,sɛ₂₄ɕyj₂₂,125,205
swim,Ega,ɕyj₂₂qu₅₅,129,204
tail,Gongxing,mu₂₂qwa₂₄,133,208
tail,Jinman,mo₂₂qwa₄₄,133,208
tail,Mazhelong,mi₃₃,134,208
tail,Dashi,wɤ₃₃to₅₅,136,207
tail,Zhoucheng,mi₄₂tu₃₅,135,209
tail,Jinxing,ɤ̃₃₃tɤ̃₅₅,136,207
tail,Tuolo,mɔ₄₂qɔ₄₂,133,208
tail,Enqi,mæ₂₂qwa₅₅,133,208
tail,Ega,mu₂₂qwa₄₄,133,208
that,Gongxing,twa₅₅ɣǝ₂₁,137,213
that,Jinman,tõ₅₅,138,214
that,Mazhelong,pu₃₃ʦoŋ₂₁,140,215
that,Dashi,na₅₅,141,210
that,Zhoucheng,na₅₅wi₃₃,142,210
that,Jinxing,no₅₅,141,210
that,Tuolo,bo₂₁,139,211
that,Enqi,vɯ₄₃,143,212
that,Ega,a₅₅po₂₁,144,211
that,Jinxing,lo₅₅,145,214
thin,Gongxing,bwa₂₁,210,216
thin,Jinman,po₄₂,210,216
thin,Mazhelong,pʰo₄₂,210,216
thin,Dashi,pow₄₂,210,216
thin,Zhoucheng,pow₄₂,210,216
thin,Jinxing,pow₄₂,210,216
thin,Tuolo,bɯ₄₂,210,216
thin,Enqi,pɯ₂₁,210,216
thin,Ega,pu₄₂,210,216
this,Gongxing,ɣǝ₂₁,146,220
this,Jinman,nõ₅₅,148,219
this,Mazhelong,ne₃₃ʦoŋ₂₁,149,222
this,Dashi,a₅₅ta₃₃,151,217
this,Zhoucheng,te₃₃le₃₁,153,224
this,Jinxing,lɯ₃₁,154,221
this,Tuolo,djɯ₂₁,152,223
this,Enqi,nɯ₅₅,148,219
this,Ega,a₅₅na₂₄,150,218
this,Mazhelong,lɛ₄₂,154,221
thou,Gongxing,na₄₂,155,225
thou,Jinman,no₄₂,155,225
thou,Mazhelong,nen₄₂,155,225
thou,Dashi,nõ₃₁,155,225
thou,Zhoucheng,no₃₁,155,225
thou,Jinxing,now₃₁,155,225
thou,Tuolo,nɔ₂₁,155,225
thou,Enqi,no₄₃,155,225
thou,Ega,no₄₂,155,225
tongue,Gongxing,djɛ₂₁,156,226
tongue,Jinman,ʈɚ₄₂,156,226
tongue,Mazhelong,ʦʰɛ₄₂,156,226
tongue,Dashi,t͡ʂe₄₂,156,226
tongue,Zhoucheng,ʦe₄₂,156,226
tongue,Jinxing,ʦe₄₂,156,226
tongue,Tuolo,de₄₂,156,226
tongue,Enqi,tjɛ₂₁,156,226
tongue,Ega,ti₂₁pʰɛ₄₂,157,226
tooth,Gongxing,xu₅₅ja₂₁,158,227
tooth,Jinman,ʨu₂₂pa₄₄,161,227
tooth,Mazhelong,ʦi₃₃pɑ₄₄,161,227
tooth,Dashi,t͡ʂʰi₄₄pa₄₄,161,227
tooth,Zhoucheng,ʦi₃₃pa₄₄,161,227
tooth,Jinxing,ʦɤ₄₄pɑ₄₄,161,227
tooth,Tuolo,jaŋ₃₅,159,229
tooth,Enqi,qʰwa₂₂ɲa₂₁,163,228
tooth,Ega,ʨu₂₂pa₄₄qwa₄₄,162,227
tooth,Gongxing,t͡ʂi₂₁pa₂₄,161,227
tooth,Tuolo,ʨu₄₂po₄₂,161,227
tooth,Enqi,ʨu₂₂pa₅₅,161,227
tree,Gongxing,d͡ʐi₄₂,164,230
tree,Jinman,ɖɯ₄₂,164,230
tree,Mazhelong,ʣǝɯ₂₁,164,230
tree,Dashi,t͡ʂɯ₂₁,164,230
tree,Zhoucheng,ʦɯ₃₁,164,230
tree,Jinxing,ʦɯ₃₁,164,230
tree,Tuolo,djɯ₂₁,164,230
tree,Enqi,djɯ₄₃,164,230
tree,Ega,ʥi₄₂,164,230
two,Gongxing,koŋ₃₃,165,231
two,Jinman,koŋ₃₃,165,231
two,Mazhelong,koŋ₃₃,165,231
two,Dashi,koŋ₃₃,165,231
two,Zhoucheng,kow₃₃,165,231
two,Jinxing,kõ₃₃,165,231
two,Tuolo,koŋ₃₃,165,231
two,Enqi,ku₂₂,165,231
two,Ega,kɤ₃₃,165,232
walk(go),Gongxing,ʁan₁₂,166,235
walk(go),Jinman,ja₅₅,167,236
walk(go),Mazhelong,ɣaŋ₂₁,166,235
walk(go),Dashi,pe₄₄,168,233
walk(go),Zhoucheng,pe₄₄,168,233
walk(go),Jinxing,pe₄₄,168,233
walk(go),Tuolo,jɔ₄₂,167,236
walk(go),Enqi,ɴa₂₁,169,234
walk(go),Ega,ŋa₂₁,169,234
walk(go),Tuolo,ŋa₃₅,169,234
warm,Gongxing,ɲi₂₄,170,238
warm,Jinman,ɲi₄₄,170,238
warm,Mazhelong,ɲɛ₄₄,170,238
warm,Dashi,jen₄₄,170,237
warm,Zhoucheng,ɲe₄₄,170,238
warm,Jinxing,jẽ₄₄,170,237
warm,Tuolo,jen₄₂,170,237
warm,Enqi,ɲi₅₅,170,238
warm,Ega,ɲi₄₄,170,238
water,Gongxing,ɕy₂₂,172,239
water,Jinman,ɕyj₂₂,172,239
water,Mazhelong,ɕyj₃₃,172,239
water,Dashi,ɕuj₃₃,172,239
water,Zhoucheng,ɕyj₃₃,172,239
water,Jinxing,ɕyj₃₃,172,239
water,Tuolo,ɕyj₃₃,172,239
water,Enqi,ɕyj₂₂,172,239
water,Ega,ɕyj₂₂,172,239
we,Gongxing,ʁaŋ₂₄,173,242
we,Jinman,ɲa₂₁t͡ʂɚ₂₂,175,240
we,Mazhelong,ŋa₅₅xo₃₃,176,240
we,Dashi,ɲã₅₅,174,240
we,Zhoucheng,ɲa₅₅,174,240
we,Jinxing,jɑ̃₅₅,174,240
we,Tuolo,a₅₅ŋɔ₂₁,177,243
we,Enqi,a₅₅ʁo₂₁,178,241
we,Ega,ɲo₂₁ɣo₂₂,176,240
we,Gongxing,ŋa₄₂xõ₂₂,176,240
we,Jinman,mi₅₅,174,245
we,Jinxing,ŋɑ₅₅,174,240
we,Tuolo,we₅₅,179,244
we,Enqi,wi₂₄ʦɿ₂₁,180,244
we,Ega,ŋwi₅₅,174,244
what,Gongxing,a₅₅qʰa₅₅,181,247
what,Jinman,a₅₅xã₄₂,181,246
what,Mazhelong,a₅₅se₅₅,182,246
what,Dashi,ɚ₅₅xɚ₄₂,181,246
what,Zhoucheng,xa₃₁le₃₁,183,249
what,Jinxing,ɑ₅₅xan₃₁,181,246
what,Tuolo,a₅₅haŋ₂₁,181,248
what,Enqi,a₅₅χa₅₅,181,246
what,Ega,a₅₅xa₄₂,181,246
white,Gongxing,bæ₂₁,184,250
white,Jinman,pa₄₂,184,250
white,Mazhelong,pʰɚ₄₂,184,250
white,Dashi,pɚ₄₂,184,250
white,Zhoucheng,pɛ₄₂,184,250
white,Jinxing,pa₄₂,184,250
white,Tuolo,ba₄₂,184,250
white,Enqi,pa₂₁,184,250
white,Ega,pa₄₂,184,250
who,Gongxing,a₂₂ma₅₅bu₂₂ɲǝn₂₄,186,253
who,Jinman,a₅₅ma₅₅,185,251
who,Mazhelong,a₅₅to₃₃,188,252
who,Dashi,a₅₅ma₃₃tjɯ₃₁,187,251
who,Zhoucheng,a₅₅ɲi₂₁,189,254
who,Jinxing,ɑ₃₁tow₃₁,188,252
who,Tuolo,a₂₁do₃₅,188,252
who,Enqi,a₄₃to₂₁,188,252
who,Ega,a₅₅to₂₁,188,252
who,Jinxing,ɑ₅₅nɑ̃₄₄jen₂₁,190,255
wind,Gongxing,ʨwen₅₅,211,258
wind,Jinman,ʨyj₅₅,211,257
wind,Mazhelong,pjen₅₅,211,256
wind,Dashi,pjɛ̃₃₅,211,256
wind,Zhoucheng,pi₃₅,211,256
wind,Jinxing,pi₅₅,211,256
wind,Tuolo,ʨwen₅₅,211,258
wind,Enqi,ʦwɛ₂₄,211,258
wind,Ega,ʨyj₅₅,211,257
woman,Jinman,ɲu₂₂ɲi₂₁ʦi₂₂,193,260
woman,Mazhelong,ɲõ₃₃ɲĩ₂₁,197,260
woman,Dashi,jũ₃₃lã₄₂,195,259
woman,Zhoucheng,ɲɤ₃₃,192,260
woman,Jinxing,jɤ̃₃₃jen₂₁jen₂₁,196,261
woman,Tuolo,jen₃₅hoŋ₅₅mo₃₃,198,262
woman,Ega,ɲyj₂₂ʦi₂₂,194,260
worm,Gongxing,ʣwa₁₂,212,263
worm,Jinman,ʨu₂₁,212,263
worm,Mazhelong,ʣõ₂₁,212,263
worm,Dashi,t͡ʂo₂₁,212,263
worm,Zhoucheng,ʦɤ₂₁,212,263
worm,Jinxing,ʦɤ₂₁,212,263
worm,Tuolo,ʐɤ₃₅,212,264
worm,Enqi,ʨo₂₁,212,263
worm,Ega,ʨu₂₁,212,263
year,Gongxing,swa₂₄,213,265
year,Jinman,swa₅₅,213,265
year,Mazhelong,swa₄₄,213,265
year,Dashi,sʰwa₄₄,213,265
year,Zhoucheng,swa₄₄,213,265
year,Jinxing,swɑ₄₄,213,265
year,Tuolo,swɔ₄₂,213,265
year,Enqi,swa₅₅,213,265
year,Ega,swa₄₄,213,265
yellow,Gongxing,ʁaŋ₁₂,199,267
yellow,Jinman,õ₂₁,199,267
yellow,Mazhelong,ɣoŋ₂₁,199,267
yellow,Dashi,wɤ̃₂₁,199,266
yellow,Zhoucheng,ŋɤ₂₁,199,266
yellow,Jinxing,ɤ̃₂₁,199,266
yellow,Tuolo,ŋoŋ₃₅,199,267
yellow,Enqi,ʁo₂₁,199,267
yellow,Ega,ŋõ₂₁,199,267
